Percentile,1999 to 2000,2000 to 2001,2001 to 2002,2002 to 2003,2003 to 2004,2004 to 2005,2005 to 2006,2006 to 2007,2007 to 2008,2009 to 2010,2010 to 2011,2011 to 2012,2012 to 2013,2013 to 2014,2014 to 2015,2015 to 2016,2016 to 2017,2017 to 2018,2018 to 2019,2019 to 2020,2020 to 2021,2021 to 2022,2022 to 2023
 1 , 4600 , 4620 , 4780 , 4860 , 4820 , 4980 , 5200 , 5410 , 5600 , 6800 , 6730 , 7740 , 8370 , 9710 , 10300 , 10800 , 11200 , 11700 , 12100 , 12800 , 12700 , 12800 , 12800 
 2 , 4840 , 4840 , 5040 , 5120 , 5070 , 5250 , 5510 , 5720 , 5930 , 7090 , 7000 , 8000 , 8670 , 10000 , 10600 , 11100 , 11500 , 12000 , 12300 , 13000 , 13000 , 13100 , 13200 
 3 , 5080 , 5060 , 5320 , 5410 , 5330 , 5520 , 5800 , 6030 , 6250 , 7380 , 7260 , 8280 , 8970 , 10300 , 10800 , 11300 , 11700 , 12300 , 12600 , 13300 , 13300 , 13400 , 13500 
 4 , 5360 , 5280 , 5590 , 5680 , 5590 , 5800 , 6070 , 6310 , 6560 , 7680 , 7550 , 8560 , 9260 , 10600 , 11000 , 11500 , 11900 , 12500 , 12800 , 13600 , 13600 , 13700 , 13800 
 5 , 5630 , 5520 , 5850 , 5960 , 5850 , 6070 , 6350 , 6600 , 6870 , 7970 , 7830 , 8840 , 9570 , 10800 , 11200 , 11700 , 12200 , 12800 , 13100 , 13800 , 13800 , 14000 , 14100 
 6 , 5860 , 5740 , 6090 , 6210 , 6100 , 6340 , 6630 , 6890 , 7180 , 8270 , 8120 , 9150 , 9880 , 11000 , 11400 , 11900 , 12400 , 13000 , 13300 , 14100 , 14100 , 14200 , 14300 
 7 , 6040 , 5940 , 6320 , 6420 , 6360 , 6620 , 6910 , 7170 , 7480 , 8580 , 8420 , 9450 , 10200 , 11200 , 11600 , 12100 , 12600 , 13200 , 13500 , 14300 , 14400 , 14500 , 14600 
 8 , 6220 , 6130 , 6490 , 6600 , 6620 , 6870 , 7170 , 7430 , 7750 , 8890 , 8720 , 9740 , 10500 , 11400 , 11800 , 12300 , 12800 , 13500 , 13800 , 14500 , 14600 , 14800 , 14900 
 9 , 6390 , 6310 , 6680 , 6780 , 6820 , 7080 , 7400 , 7650 , 7990 , 9200 , 9040 , 10000 , 10700 , 11600 , 12000 , 12500 , 13100 , 13700 , 14000 , 14800 , 14800 , 15000 , 15200 
 10 , 6570 , 6480 , 6860 , 6970 , 7000 , 7260 , 7610 , 7880 , 8240 , 9510 , 9350 , 10200 , 10900 , 11800 , 12200 , 12800 , 13300 , 13900 , 14200 , 15000 , 15100 , 15300 , 15500 
 11 , 6720 , 6650 , 7050 , 7180 , 7190 , 7460 , 7810 , 8100 , 8470 , 9750 , 9630 , 10400 , 11100 , 12000 , 12400 , 13000 , 13500 , 14100 , 14500 , 15300 , 15300 , 15600 , 15800 
 12 , 6890 , 6820 , 7250 , 7370 , 7380 , 7650 , 8020 , 8310 , 8700 , 9970 , 9840 , 10700 , 11300 , 12200 , 12600 , 13200 , 13700 , 14400 , 14700 , 15500 , 15600 , 15800 , 16100 
 13 , 7090 , 7010 , 7470 , 7580 , 7580 , 7830 , 8220 , 8510 , 8940 , 10200 , 10000 , 10900 , 11600 , 12400 , 12800 , 13400 , 13900 , 14600 , 15000 , 15800 , 15800 , 16100 , 16400 
 14 , 7260 , 7180 , 7670 , 7780 , 7780 , 8030 , 8430 , 8720 , 9160 , 10400 , 10300 , 11100 , 11800 , 12600 , 13100 , 13600 , 14200 , 14800 , 15200 , 16000 , 16100 , 16400 , 16600 
 15 , 7430 , 7370 , 7870 , 7990 , 7980 , 8220 , 8630 , 8940 , 9390 , 10600 , 10500 , 11300 , 12000 , 12800 , 13300 , 13800 , 14400 , 15100 , 15400 , 16200 , 16300 , 16600 , 16900 
 16 , 7620 , 7540 , 8070 , 8190 , 8190 , 8430 , 8850 , 9160 , 9630 , 10900 , 10700 , 11500 , 12200 , 13000 , 13500 , 14100 , 14600 , 15300 , 15700 , 16500 , 16600 , 16900 , 17300 
 17 , 7780 , 7720 , 8270 , 8390 , 8400 , 8630 , 9050 , 9390 , 9870 , 11100 , 10900 , 11700 , 12400 , 13200 , 13700 , 14300 , 14900 , 15500 , 15900 , 16700 , 16800 , 17200 , 17600 
 18 , 7970 , 7910 , 8480 , 8590 , 8620 , 8830 , 9270 , 9610 , 10100 , 11300 , 11100 , 12000 , 12700 , 13400 , 13900 , 14500 , 15100 , 15800 , 16100 , 17000 , 17100 , 17500 , 17900 
 19 , 8160 , 8100 , 8670 , 8790 , 8820 , 9040 , 9490 , 9830 , 10300 , 11600 , 11400 , 12200 , 12900 , 13600 , 14100 , 14700 , 15300 , 16000 , 16400 , 17200 , 17400 , 17800 , 18200 
 20 , 8340 , 8310 , 8880 , 8990 , 9030 , 9240 , 9700 , 10100 , 10600 , 11800 , 11600 , 12400 , 13100 , 13900 , 14400 , 15000 , 15500 , 16200 , 16600 , 17400 , 17600 , 18000 , 18500 
 21 , 8520 , 8510 , 9080 , 9190 , 9240 , 9440 , 9930 , 10300 , 10800 , 12000 , 11800 , 12600 , 13300 , 14100 , 14600 , 15200 , 15800 , 16400 , 16800 , 17700 , 17900 , 18300 , 18800 
 22 , 8710 , 8700 , 9300 , 9410 , 9460 , 9660 , 10100 , 10500 , 11100 , 12200 , 12100 , 12900 , 13500 , 14300 , 14800 , 15400 , 16000 , 16700 , 17100 , 17900 , 18100 , 18600 , 19100 
 23 , 8910 , 8900 , 9520 , 9620 , 9690 , 9870 , 10400 , 10700 , 11300 , 12500 , 12300 , 13100 , 13800 , 14500 , 15000 , 15600 , 16200 , 16900 , 17300 , 18200 , 18300 , 18800 , 19400 
 24 , 9090 , 9100 , 9710 , 9810 , 9910 , 10100 , 10600 , 11000 , 11500 , 12700 , 12500 , 13300 , 14000 , 14800 , 15300 , 15900 , 16400 , 17100 , 17600 , 18400 , 18600 , 19100 , 19700 
 25 , 9260 , 9280 , 9910 , 10000 , 10100 , 10300 , 10800 , 11200 , 11800 , 12900 , 12700 , 13500 , 14200 , 15000 , 15500 , 16100 , 16700 , 17400 , 17800 , 18600 , 18800 , 19400 , 20000 
 26 , 9450 , 9480 , 10100 , 10200 , 10300 , 10500 , 11000 , 11400 , 12000 , 13200 , 13000 , 13800 , 14500 , 15200 , 15700 , 16300 , 16900 , 17600 , 18000 , 18900 , 19100 , 19700 , 20300 
 27 , 9620 , 9680 , 10300 , 10400 , 10600 , 10700 , 11300 , 11700 , 12300 , 13400 , 13200 , 14000 , 14700 , 15500 , 16000 , 16600 , 17100 , 17800 , 18300 , 19100 , 19400 , 19900 , 20600 
 28 , 9800 , 9880 , 10500 , 10600 , 10800 , 11000 , 11500 , 11900 , 12500 , 13700 , 13500 , 14300 , 14900 , 15700 , 16200 , 16800 , 17400 , 18100 , 18500 , 19400 , 19600 , 20200 , 20900 
 29 , 9990 , 10100 , 10800 , 10900 , 11000 , 11200 , 11700 , 12100 , 12700 , 13900 , 13700 , 14500 , 15200 , 15900 , 16400 , 17100 , 17600 , 18300 , 18800 , 19600 , 19900 , 20500 , 21200 
 30 , 10200 , 10300 , 11000 , 11100 , 11200 , 11400 , 11900 , 12400 , 13000 , 14100 , 13900 , 14700 , 15400 , 16200 , 16700 , 17300 , 17800 , 18600 , 19000 , 19900 , 20100 , 20800 , 21500 
 31 , 10400 , 10500 , 11200 , 11300 , 11400 , 11600 , 12100 , 12600 , 13200 , 14400 , 14200 , 15000 , 15700 , 16400 , 16900 , 17600 , 18100 , 18800 , 19300 , 20200 , 20400 , 21000 , 21800 
 32 , 10600 , 10700 , 11400 , 11500 , 11700 , 11800 , 12400 , 12800 , 13500 , 14600 , 14400 , 15200 , 15900 , 16700 , 17200 , 17800 , 18300 , 19100 , 19500 , 20400 , 20600 , 21300 , 22200 
 33 , 10800 , 10900 , 11600 , 11800 , 11900 , 12100 , 12600 , 13100 , 13700 , 14900 , 14700 , 15500 , 16100 , 16900 , 17400 , 18100 , 18600 , 19300 , 19800 , 20700 , 20900 , 21600 , 22500 
 34 , 11000 , 11200 , 11900 , 12000 , 12100 , 12300 , 12900 , 13300 , 14000 , 15100 , 14900 , 15800 , 16400 , 17200 , 17700 , 18300 , 18800 , 19600 , 20100 , 21000 , 21200 , 21900 , 22800 
 35 , 11200 , 11400 , 12100 , 12200 , 12300 , 12500 , 13100 , 13600 , 14200 , 15400 , 15200 , 16000 , 16700 , 17400 , 17900 , 18600 , 19100 , 19900 , 20300 , 21200 , 21500 , 22200 , 23100 
 36 , 11300 , 11600 , 12300 , 12400 , 12600 , 12800 , 13300 , 13900 , 14500 , 15600 , 15400 , 16300 , 16900 , 17700 , 18200 , 18900 , 19300 , 20100 , 20600 , 21500 , 21800 , 22500 , 23400 
 37 , 11600 , 11800 , 12500 , 12600 , 12800 , 13000 , 13600 , 14100 , 14800 , 15900 , 15700 , 16600 , 17200 , 18000 , 18400 , 19100 , 19600 , 20400 , 20900 , 21800 , 22000 , 22800 , 23700 
 38 , 11800 , 12000 , 12700 , 12900 , 13000 , 13300 , 13800 , 14400 , 15000 , 16200 , 16000 , 16800 , 17500 , 18200 , 18700 , 19400 , 19900 , 20700 , 21200 , 22100 , 22400 , 23100 , 24000 
 39 , 12000 , 12200 , 12900 , 13100 , 13300 , 13500 , 14100 , 14600 , 15300 , 16400 , 16300 , 17100 , 17700 , 18500 , 19000 , 19700 , 20200 , 21000 , 21500 , 22400 , 22600 , 23400 , 24400 
 40 , 12200 , 12400 , 13100 , 13300 , 13500 , 13800 , 14400 , 14900 , 15600 , 16700 , 16500 , 17400 , 18000 , 18800 , 19300 , 20000 , 20500 , 21300 , 21800 , 22700 , 23000 , 23700 , 24700 
 41 , 12400 , 12700 , 13400 , 13600 , 13800 , 14000 , 14600 , 15100 , 15800 , 17000 , 16800 , 17600 , 18300 , 19100 , 19500 , 20300 , 20800 , 21600 , 22100 , 23000 , 23300 , 24100 , 25000 
 42 , 12600 , 12900 , 13600 , 13800 , 14000 , 14300 , 14900 , 15400 , 16100 , 17200 , 17100 , 17900 , 18600 , 19300 , 19800 , 20600 , 21100 , 21900 , 22400 , 23300 , 23600 , 24400 , 25400 
 43 , 12800 , 13100 , 13800 , 14100 , 14200 , 14500 , 15100 , 15700 , 16400 , 17500 , 17400 , 18200 , 18800 , 19600 , 20100 , 20900 , 21400 , 22200 , 22700 , 23600 , 23900 , 24700 , 25800 
 44 , 13000 , 13300 , 14100 , 14300 , 14500 , 14800 , 15400 , 16000 , 16700 , 17800 , 17700 , 18500 , 19100 , 19900 , 20400 , 21200 , 21700 , 22500 , 23000 , 24000 , 24200 , 25100 , 26100 
 45 , 13200 , 13600 , 14300 , 14500 , 14700 , 15100 , 15700 , 16200 , 17000 , 18100 , 17900 , 18800 , 19400 , 20200 , 20700 , 21500 , 22000 , 22800 , 23300 , 24300 , 24600 , 25400 , 26500 
 46 , 13400 , 13800 , 14500 , 14800 , 15000 , 15300 , 16000 , 16500 , 17300 , 18400 , 18200 , 19100 , 19700 , 20600 , 21100 , 21800 , 22300 , 23100 , 23700 , 24600 , 24900 , 25700 , 26800 
 47 , 13700 , 14100 , 14800 , 15000 , 15200 , 15600 , 16300 , 16800 , 17600 , 18700 , 18500 , 19400 , 20000 , 20900 , 21400 , 22200 , 22600 , 23400 , 24000 , 25000 , 25200 , 26100 , 27200 
 48 , 13900 , 14300 , 15000 , 15300 , 15500 , 15900 , 16600 , 17100 , 17900 , 19000 , 18800 , 19700 , 20400 , 21200 , 21700 , 22500 , 22900 , 23800 , 24300 , 25300 , 25600 , 26500 , 27600 
 49 , 14100 , 14500 , 15300 , 15500 , 15700 , 16200 , 16800 , 17400 , 18200 , 19300 , 19100 , 20000 , 20700 , 21500 , 22000 , 22800 , 23300 , 24100 , 24700 , 25600 , 26000 , 26900 , 28000 
 50 , 14400 , 14800 , 15500 , 15800 , 16000 , 16400 , 17100 , 17700 , 18500 , 19600 , 19500 , 20300 , 21000 , 21900 , 22400 , 23200 , 23600 , 24400 , 25000 , 26000 , 26300 , 27200 , 28400 
 51 , 14600 , 15000 , 15800 , 16100 , 16300 , 16700 , 17400 , 18100 , 18800 , 19900 , 19800 , 20700 , 21400 , 22200 , 22700 , 23500 , 23900 , 24800 , 25400 , 26400 , 26700 , 27600 , 28800 
 52 , 14800 , 15300 , 16000 , 16300 , 16600 , 17000 , 17700 , 18400 , 19100 , 20200 , 20100 , 21000 , 21700 , 22500 , 23000 , 23900 , 24300 , 25200 , 25700 , 26800 , 27100 , 28000 , 29200 
 53 , 15100 , 15500 , 16300 , 16600 , 16800 , 17300 , 18000 , 18700 , 19500 , 20500 , 20400 , 21300 , 22100 , 22900 , 23400 , 24300 , 24700 , 25600 , 26100 , 27100 , 27500 , 28500 , 29600 
 54 , 15300 , 15800 , 16600 , 16900 , 17100 , 17600 , 18400 , 19000 , 19800 , 20900 , 20800 , 21700 , 22400 , 23200 , 23800 , 24600 , 25000 , 25900 , 26500 , 27500 , 27900 , 28900 , 30100 
 55 , 15600 , 16100 , 16900 , 17200 , 17400 , 17900 , 18700 , 19300 , 20100 , 21200 , 21100 , 22100 , 22800 , 23600 , 24200 , 25000 , 25400 , 26300 , 26900 , 27900 , 28300 , 29300 , 30500 
 56 , 15900 , 16300 , 17200 , 17500 , 17700 , 18300 , 19000 , 19700 , 20500 , 21600 , 21500 , 22400 , 23200 , 24000 , 24600 , 25400 , 25900 , 26700 , 27300 , 28400 , 28700 , 29800 , 31000 
 57 , 16100 , 16600 , 17400 , 17700 , 18000 , 18600 , 19300 , 20000 , 20800 , 22000 , 21900 , 22800 , 23500 , 24400 , 24900 , 25800 , 26300 , 27100 , 27700 , 28800 , 29200 , 30200 , 31500 
 58 , 16400 , 16900 , 17700 , 18000 , 18300 , 18900 , 19700 , 20300 , 21200 , 22400 , 22300 , 23200 , 23900 , 24800 , 25400 , 26200 , 26700 , 27500 , 28100 , 29200 , 29600 , 30700 , 31900 
 59 , 16700 , 17200 , 18000 , 18400 , 18600 , 19300 , 20000 , 20700 , 21600 , 22800 , 22700 , 23600 , 24300 , 25200 , 25800 , 26700 , 27100 , 28000 , 28600 , 29700 , 30000 , 31200 , 32400 
 60 , 17000 , 17500 , 18300 , 18700 , 19000 , 19600 , 20400 , 21100 , 22000 , 23200 , 23100 , 24000 , 24800 , 25600 , 26200 , 27100 , 27500 , 28400 , 29000 , 30100 , 30500 , 31600 , 32900 
 61 , 17300 , 17800 , 18600 , 19000 , 19300 , 20000 , 20700 , 21500 , 22400 , 23600 , 23500 , 24400 , 25200 , 26100 , 26600 , 27500 , 27900 , 28900 , 29500 , 30600 , 31000 , 32100 , 33500 
 62 , 17600 , 18100 , 19000 , 19400 , 19700 , 20300 , 21100 , 21900 , 22900 , 24000 , 23900 , 24900 , 25600 , 26500 , 27100 , 28000 , 28400 , 29300 , 29900 , 31100 , 31500 , 32700 , 34000 
 63 , 17900 , 18400 , 19300 , 19700 , 20000 , 20700 , 21600 , 22300 , 23300 , 24400 , 24400 , 25300 , 26100 , 27000 , 27500 , 28500 , 28800 , 29800 , 30400 , 31600 , 32000 , 33200 , 34600 
 64 , 18200 , 18700 , 19700 , 20000 , 20400 , 21100 , 22000 , 22700 , 23700 , 24900 , 24800 , 25800 , 26500 , 27500 , 28000 , 29000 , 29300 , 30300 , 30900 , 32100 , 32500 , 33700 , 35100 
 65 , 18500 , 19100 , 20000 , 20400 , 20700 , 21500 , 22400 , 23200 , 24200 , 25300 , 25300 , 26300 , 27000 , 27900 , 28500 , 29500 , 29800 , 30800 , 31400 , 32700 , 33100 , 34300 , 35700 
 66 , 18800 , 19400 , 20400 , 20800 , 21100 , 21900 , 22800 , 23600 , 24600 , 25800 , 25800 , 26800 , 27500 , 28400 , 29000 , 30000 , 30300 , 31300 , 32000 , 33200 , 33600 , 34900 , 36300 
 67 , 19200 , 19700 , 20800 , 21100 , 21500 , 22300 , 23300 , 24100 , 25100 , 26300 , 26300 , 27300 , 28100 , 29000 , 29500 , 30500 , 30900 , 31900 , 32500 , 33800 , 34200 , 35500 , 37000 
 68 , 19500 , 20100 , 21200 , 21500 , 21900 , 22700 , 23700 , 24500 , 25600 , 26800 , 26800 , 27800 , 28600 , 29500 , 30100 , 31100 , 31500 , 32400 , 33100 , 34400 , 34800 , 36100 , 37600 
 69 , 19900 , 20500 , 21600 , 22000 , 22300 , 23100 , 24200 , 25000 , 26100 , 27300 , 27300 , 28400 , 29100 , 30000 , 30700 , 31700 , 32000 , 33000 , 33700 , 35000 , 35500 , 36800 , 38300 
 70 , 20200 , 20900 , 22000 , 22400 , 22700 , 23600 , 24700 , 25500 , 26600 , 27900 , 27900 , 29000 , 29700 , 30600 , 31300 , 32300 , 32600 , 33600 , 34300 , 35700 , 36100 , 37500 , 39100 
 71 , 20600 , 21300 , 22400 , 22800 , 23200 , 24000 , 25200 , 26000 , 27200 , 28500 , 28500 , 29500 , 30300 , 31200 , 31900 , 32900 , 33200 , 34200 , 35000 , 36400 , 36800 , 38200 , 39800 
 72 , 21000 , 21600 , 22900 , 23200 , 23600 , 24500 , 25700 , 26600 , 27700 , 29100 , 29000 , 30100 , 30900 , 31900 , 32500 , 33500 , 33900 , 34900 , 35600 , 37000 , 37500 , 39000 , 40600 
 73 , 21400 , 22100 , 23300 , 23700 , 24100 , 25000 , 26300 , 27200 , 28300 , 29700 , 29600 , 30800 , 31500 , 32500 , 33200 , 34200 , 34500 , 35600 , 36300 , 37800 , 38200 , 39700 , 41400 
 74 , 21900 , 22600 , 23800 , 24200 , 24600 , 25600 , 26800 , 27800 , 28900 , 30300 , 30200 , 31400 , 32200 , 33200 , 33800 , 34900 , 35200 , 36200 , 37000 , 38500 , 39000 , 40500 , 42100 
 75 , 22300 , 23000 , 24300 , 24700 , 25100 , 26100 , 27400 , 28400 , 29500 , 30900 , 30900 , 32100 , 32900 , 33900 , 34500 , 35600 , 36000 , 37000 , 37800 , 39300 , 39800 , 41400 , 43000 
 76 , 22800 , 23500 , 24800 , 25200 , 25600 , 26700 , 28100 , 29000 , 30200 , 31600 , 31600 , 32800 , 33600 , 34600 , 35200 , 36300 , 36700 , 37800 , 38500 , 40000 , 40600 , 42200 , 43900 
 77 , 23300 , 24000 , 25400 , 25700 , 26100 , 27400 , 28700 , 29700 , 30900 , 32300 , 32300 , 33600 , 34300 , 35300 , 35900 , 37100 , 37500 , 38500 , 39400 , 40900 , 41400 , 43100 , 44800 
 78 , 23800 , 24500 , 25900 , 26200 , 26700 , 28000 , 29400 , 30300 , 31600 , 33100 , 33100 , 34400 , 35100 , 36100 , 36800 , 37900 , 38300 , 39400 , 40200 , 41700 , 42300 , 44100 , 45800 
 79 , 24300 , 25100 , 26500 , 26800 , 27300 , 28700 , 30100 , 31000 , 32400 , 33900 , 33900 , 35200 , 35900 , 37000 , 37600 , 38800 , 39200 , 40200 , 41100 , 42700 , 43300 , 45100 , 46900 
 80 , 24900 , 25600 , 27100 , 27500 , 27900 , 29300 , 30800 , 31800 , 33200 , 34700 , 34800 , 36000 , 36700 , 37900 , 38500 , 39700 , 40000 , 41100 , 42000 , 43700 , 44300 , 46100 , 47900 
 81 , 25400 , 26200 , 27800 , 28100 , 28500 , 30000 , 31500 , 32600 , 34100 , 35600 , 35600 , 36900 , 37700 , 38800 , 39400 , 40600 , 41000 , 42100 , 43000 , 44700 , 45300 , 47200 , 49100 
 82 , 26000 , 26800 , 28400 , 28800 , 29200 , 30800 , 32400 , 33500 , 35000 , 36500 , 36500 , 37900 , 38700 , 39800 , 40400 , 41500 , 42000 , 43100 , 44100 , 45700 , 46400 , 48400 , 50000 
 83 , 26700 , 27500 , 29100 , 29500 , 30000 , 31500 , 33300 , 34400 , 35900 , 37500 , 37500 , 39000 , 39700 , 40700 , 41300 , 42300 , 42900 , 44100 , 45200 , 46900 , 47600 , 49500 , 50900 
 84 , 27400 , 28200 , 29900 , 30300 , 30800 , 32400 , 34200 , 35300 , 36900 , 38500 , 38500 , 40000 , 40700 , 41500 , 42000 , 43200 , 43700 , 45000 , 46200 , 48200 , 48900 , 50300 , 52200 
 85 , 28100 , 29000 , 30700 , 31200 , 31600 , 33300 , 35100 , 36300 , 37900 , 39600 , 39600 , 41100 , 41800 , 42500 , 43100 , 44400 , 44900 , 46100 , 47200 , 49500 , 50000 , 51700 , 53700 
 86 , 28900 , 29800 , 31600 , 32000 , 32500 , 34300 , 36200 , 37500 , 39100 , 40800 , 40700 , 42200 , 42800 , 43800 , 44400 , 45800 , 46200 , 47500 , 48600 , 50400 , 51100 , 53200 , 55400 
 87 , 29700 , 30800 , 32600 , 33100 , 33500 , 35300 , 37200 , 38500 , 40100 , 42100 , 42000 , 43400 , 44100 , 45200 , 45900 , 47300 , 47800 , 49000 , 50100 , 51900 , 52700 , 55000 , 57300 
 88 , 30700 , 31800 , 33700 , 34200 , 34600 , 36400 , 38400 , 39800 , 41400 , 43400 , 43300 , 44800 , 45600 , 46700 , 47400 , 49000 , 49600 , 50600 , 51800 , 53800 , 54600 , 57000 , 59400 
 89 , 31800 , 32900 , 34900 , 35400 , 35700 , 37600 , 39700 , 41200 , 43000 , 44800 , 44600 , 46400 , 47200 , 48500 , 49400 , 50900 , 51400 , 52600 , 53800 , 55800 , 56700 , 59300 , 61900 
 90 , 33000 , 34200 , 36200 , 36700 , 37100 , 39000 , 41300 , 42900 , 44900 , 46600 , 46300 , 48300 , 49200 , 50600 , 51400 , 53100 , 53600 , 54900 , 56200 , 58300 , 59200 , 62000 , 64800 
 91 , 34500 , 35800 , 37900 , 38400 , 38800 , 40700 , 43200 , 44800 , 47000 , 48700 , 48400 , 50500 , 51500 , 53100 , 54000 , 55800 , 56300 , 57700 , 59100 , 61200 , 62100 , 65300 , 68000 
 92 , 36300 , 37700 , 39800 , 40400 , 41000 , 42700 , 45500 , 47300 , 49600 , 51200 , 50800 , 53200 , 54300 , 56000 , 57000 , 59000 , 59500 , 61000 , 62400 , 64700 , 65500 , 69200 , 72000 
 93 , 38400 , 40100 , 42200 , 42800 , 43500 , 45100 , 48200 , 50200 , 52600 , 54100 , 53600 , 56500 , 57700 , 59700 , 60700 , 63200 , 63500 , 65000 , 66600 , 68900 , 69900 , 74000 , 76900 
 94 , 41200 , 43000 , 45200 , 45800 , 46600 , 48300 , 51800 , 53800 , 56300 , 58000 , 57300 , 60700 , 62000 , 64400 , 65400 , 68400 , 68600 , 70200 , 71800 , 74100 , 75200 , 79800 , 82900 
 95 , 44600 , 46700 , 49200 , 49800 , 50600 , 52400 , 56200 , 58500 , 61500 , 63200 , 62600 , 66200 , 67900 , 70400 , 71700 , 75000 , 75300 , 76800 , 78500 , 81000 , 82200 , 87400 , 90500 
 96 , 49600 , 51800 , 54600 , 55200 , 56200 , 58100 , 62500 , 65300 , 68700 , 70700 , 69600 , 74100 , 76100 , 78800 , 80300 , 84100 , 83700 , 86000 , 87700 , 90400 , 91800 , 97200 , 99900 
 97 , 56600 , 59200 , 62600 , 63200 , 64600 , 66500 , 72200 , 76000 , 80100 , 81700 , 80100 , 85500 , 88000 , 91300 , 92900 , 97100 , 96400 , 98600 , 99600 , 102000 , 104000 , 111000 , 115000 
 98 , 68600 , 72000 , 76200 , 76900 , 78500 , 81700 , 89800 , 94600 , 99900 , 101000 , 97300 , 104000 , 106000 , 110000 , 112000 , 117000 , 116000 , 121000 , 121000 , 125000 , 128000 , 137000 , 142000 
 99 , 96400 , 102000 , 107000 , 108000 , 111000 , 117000 , 132000 , 141000 , 149000 , 149000 , 140000 , 147000 , 150000 , 159000 , 162000 , 170000 , 166000 , 175000 , 175000 , 180000 , 183000 , 199000 , 201000 
